<?xml version="1.0" encoding="UTF-8"?>
<project-private xmlns="http://www.netbeans.org/ns/project-private/1">
    <editor-bookmarks xmlns="http://www.netbeans.org/ns/editor-bookmarks/2" lastBookmarkId="0"/>
    <open-files xmlns="http://www.netbeans.org/ns/projectui-open-files/2">
        <group>
            <file>file:/C:/xampp/htdocs/BoletinesDAW/Boletin4/Cartas/src/cartas/BarajaCartas.java</file>
            <file>file:/C:/xampp/htdocs/BoletinesDAW/Boletin4/Cartas/src/cartas/Carta.java</file>
            <file>file:/C:/xampp/htdocs/BoletinesDAW/Boletin4/Cartas/src/cartas/BarajaEspanhola.java</file>
            <file>file:/C:/xampp/htdocs/BoletinesDAW/Boletin4/Cartas/src/cartas/Baraja.java</file>
            <file>file:/C:/xampp/htdocs/BoletinesDAW/Boletin4/Cartas/src/cartas/BarajaFrancesa.java</file>
        </group>
    </open-files>
</project-private>
